avg_number_of_words_per_sentence,avg_sentence_length,avg_word_length,complex_word_count,content,fog_index,negative_score,percentage_of_complex_words,personal_pronouns,polarity_score,positive_score,subjectivity_score,syllable_per_word,url,word_count
12.866666666666667,12.866666666666667,7.253275109170306,205,"efficient data integration and user-friendly interface development: navigating challenges in web application deployment Client Background Client: A leading tech firm in the USA Industry Type: IT Products & Services: IT Consulting Organization Size: 100+ The Problem Data Complexity: Handling and integrating multiple data sources with different formats and cleaning/preprocessing them for use in a web application. Spatial Data Integration: Managing and converting complex spatial data into a suitable format for storage and display. User-Friendly Data Access: Providing an easy-to-use interface for users to query and visualize data efficiently. Secure Authentication: Implementing secure user authentication to protect sensitive data and user accounts. Deployment Considerations: Exploring the potential challenges of deploying the application on Azure. Our Solution Project Setup and ETL: Set up Django, developed ETL scripts, cleaned data, and loaded it into PostgreSQL. Web Application Development: Designed user-friendly templates, implemented APIs for data display, and used session storage for queries. User Authentication: Created login/signup pages and implemented secure user authentication. Data Management and Integration: Ensured dynamic tables and error handling for queries, created Docker image, and documented deployment. Spatial Data Handling: Processed and stored spatial data, integrated it with Django views, and converted data types. API Development: Built APIs for JSON data retrieval and handled various file extensions for data extraction. Frontend and User Interaction: Designed frontend components and implemented data upload and retrieval. SQL Dump and Azure Deployment: Created SQL Dump template, developed a view for uploading .sql files, and explored Azure deployment options. Solution Architecture Backend Framework: Python Django for building the web application’s backend. Database: PostgreSQL for storing cleaned and spatial data. ETL Processes: Python scripts for data extraction, transformation, and loading. Frontend: HTML templates and JavaScript for user interaction. APIs: Custom APIs for data retrieval and spatial data handling. Deployment: Dockerization for containerized deployment. Authentication: Implementing user authentication using Django’s built-in features. Spatial Data Handling: Using Python libraries to process and convert spatial data. SQL Dump: Creating an SQL Dump feature for running PostgreSQL queries. Deliverables Project Resouces well be access via github Only Github Link : https://github.com/AjayBidyarthy/Sheeban-Wasi-Full-stack.git Tech Stack Tools used Pillow psycopg2 arcgis==1.8.2 geopandas pyproj pandas numpy matplotlib pyshp Language/techniques used Python Models used Django ORM Skills used Python Django ETL Docker Databases used postgresql Web Cloud Servers used MS Azure What are the technical Challenges Faced during Project Execution Data Cleaning and Integration: Managing data from different sources and ensuring consistency was challenging. Spatial Data Transformation: Converting complex spatial data into suitable database formats posed a technical hurdle. User Authentication: Implementing secure user authentication without vulnerabilities required careful consideration. File Handling: Handling various file extensions and extracting data from them was a technical challenge. Deployment: Ensuring smooth deployment, especially on Azure, presented its own set of challenges. How the Technical Challenges were Solved Data Cleaning and Integration: Python scripts were used to clean and preprocess data, aligning it with column datatypes. Spatial Data Transformation: Libraries were utilized to process and convert spatial data to appropriate formats. User Authentication: Django’s built-in authentication features were leveraged for secure user management. File Handling: Custom Python scripts were developed to handle different file extensions and extract data. Deployment: Dockerization simplified deployment, and research on Azure ensured potential future deployment options were explored. Summarize Summarized: https://blackcoffer.com/ This project was done by the Blackcoffer Team, a Global IT Consulting firm. Contact Details This solution was designed and developed by Blackcoffer Team Here are my contact details: Firm Name: Blackcoffer Pvt. Ltd. Firm Website: www.blackcoffer.com Firm Address: 4/2, E-Extension, Shaym Vihar Phase 1, New Delhi 110043 Email: ajay@blackcoffer.com Skype: asbidyarthy WhatsApp: +91 9717367468 Telegram: @asbidyarthy",23.050596797671034,-10,44.75982532751092,11,1,23,0.07534246558140989,2.593886462882096,https://insights.blackcoffer.com/efficient-data-integration-and-user-friendly-interface-development-navigating-challenges-in-web-application-deployment/,458
12.774193548387096,12.774193548387096,7.202846975088968,117,"automated orthopedic case report generation: harnessing web scraping and ai integration Client Background Client: A leading health-tech firm in the USA Industry Type: Healthcare Products & Services: Medical solutions, healthcare Organization Size: 100+ The Problem The problem is to efficiently create orthopedic case reports by extracting data from online sources, including articles, videos, and user comments. It involves summarizing and citing relevant articles from PubMed.gov for the past 5 years related to the case. This requires automating the extraction and summarization of data from websites, making it a time-consuming task if done manually. Our Solution Develops a Python tool that accepts a website URL as input and generates a case report. Integrates web scraping to extract data from websites. Utilizes AI, such as ChatGPT, for creating summaries and responses. Leverages PubMed for citing and summarizing recent articles. Provides a web application for user-friendly access to these capabilities. Solution Architecture Utilizes web scraping techniques to gather data from trusted medical websites. Combines web scraping with AI, including ChatGPT, for generating case reports and responding to queries. Utilizes PubMed for retrieving and summarizing recent articles related to the case. Deploys a web application for user interaction and input. Deliverables Project Github Source Code Tech Stack Tools used ChatGPT BeautifulSoup Requests Language/techniques used Python Models used None Skills used Python WebScraping ChatGPT prompting Databases used None Web Cloud Servers used None What are the technical Challenges Faced during Project Execution Accurate and reliable web scraping from diverse medical websites. Integration of AI components for text generation and summarization. Efficient querying and retrieval of articles from PubMed. Handling different data formats and structures from various online sources. Developing a user-friendly web interface for input and interaction. How the Technical Challenges were Solved Extensive research and testing of web scraping techniques for medical websites. Integration of AI models and libraries for text generation. Utilization of PubMed API for article retrieval and summarization. Custom data parsers for handling diverse data structures. Collaboration with medical experts for user interface design and feedback. Summarize Summarized: https://blackcoffer.com/ This project was done by the Blackcoffer Team, a Global IT Consulting firm. Contact Details This solution was designed and developed by Blackcoffer Team Here are my contact details: Firm Name: Blackcoffer Pvt. Ltd. Firm Website: www.blackcoffer.com Firm Address: 4/2, E-Extension, Shaym Vihar Phase 1, New Delhi 110043 Email: ajay@blackcoffer.com Skype: asbidyarthy WhatsApp: +91 9717367468 Telegram: @asbidyarthy",21.764481689817472,-4,41.637010676156585,5,1,8,0.045283018697045214,2.5587188612099645,https://insights.blackcoffer.com/automated-orthopedic-case-report-generation-harnessing-web-scraping-and-ai-integration/,281
15.805555555555555,15.805555555555555,7.126865671641791,167,"streamlined trading operations interface for metatrader 4: empowering efficient management and monitoring Client Background Client: A leading fintech firm in the USA Industry Type: Finance Products & Services: Trading, Investment, Financing Organization Size: 100+ The Problem Trading Operations Interface: The project aims to create a Windows-based Display Application that provides an intuitive interface for managing trading activities in MetaTrader 4 (MT4). EA Control and Monitoring: Users need a tool to interact with and monitor the EA running in MT4, which follows predefined rules for trading. Hedging and Configuration: The application should allow users to hedge positions, configure trading settings, close orders manually, and add new orders. Real-time Monitoring: Real-time monitoring and control of trading activities are crucial for efficient trading. EA Functionality: The specific functionality and rules of the EA will be defined based on pricing and requirements. Our Solution Display Application: Developed a Windows-based application for trading operations management, order placement, and monitoring. EA Interaction: Created a loosely coupled system where the Display Application can control and influence the EA running on MT4. Functionality: Implemented order placement, hedging, settings configuration, order closing, and real-time monitoring features. Dynamic EA: The EA’s specific rules and functionality are determined based on pricing and requirements. Communication: Established a mechanism for the Display Application to communicate with MT4, facilitating trading instructions and updates. Solution Architecture UI Development: UI development using Python libraries such as Kivy and Tkinter for the Windows-based application. VPS with MT4: The client operates a Virtual Private Server (VPS) with MT4 running. Expert Advisor (EA): An EA on MT4 executes trading operations based on predefined rules. Communication: A mechanism for the Display Application to communicate with MT4, possibly through an API or other methods. Dynamic EA Parameters: The exact rules and functionality of the EA will be determined based on pricing and client requirements. Deliverables Project Code can be accessed via this github link : https://github.com/AjayBidyarthy/Patrick-Oliveri-Applcation.git Since, this is private Git Reporsitory , User will need permission to clone it. Tech Stack Tools used TKinter Kivy Language/techniques used Python Models used No Model Used Skills used Python Kivy Python TKinter Databases used No Db Used Web Cloud Servers used No Web Services Used What are the technical Challenges Faced during Project Execution UI Responsiveness: Challenges in achieving responsive UI in Python libraries like Kivy and Tkinter. Integration with MT4: Ensuring effective communication between the Display Application and MT4. Dynamic EA Rules: Defining and integrating dynamic rules for the EA based on user requirements. Deployment: Preparing for potential deployment but no deployment has occurred yet. Version Control: Managing code changes and documentation using Git. How the Technical Challenges were Solved UI Responsiveness: The project transitioned to seek C or C# development for better responsiveness and flexibility. Integration with MT4: A communication mechanism, possibly an API, was explored to facilitate communication between the Display Application and MT4. Dynamic EA Rules: The exact rules for the EA were to be determined based on client requirements and pricing, ensuring flexibility. Deployment: Deployment has not occurred yet, and it may be addressed in the future. Version Control: Git was used to manage code changes and documentation, ensuring version control and collaboration. Summarize Summarized: https://blackcoffer.com/ This project was done by the Blackcoffer Team, a Global IT Consulting firm. Contact Details This solution was designed and developed by Blackcoffer Team Here are my contact details: Firm Name: Blackcoffer Pvt. Ltd. Firm Website: www.blackcoffer.com Firm Address: 4/2, E-Extension, Shaym Vihar Phase 1, New Delhi 110043 Email: ajay@blackcoffer.com Skype: asbidyarthy WhatsApp: +91 9717367468 Telegram: @asbidyarthy",22.939137645107795,-3,41.54228855721393,5,1,17,0.052356020805350734,2.554726368159204,https://insights.blackcoffer.com/streamlined-trading-operations-interface-for-metatrader-4-empowering-efficient-management-and-monitoring/,402
7.827586206896552,7.827586206896552,7.309248554913295,173,"efficient aws infrastructure setup and management: addressing security, scalability, and compliance Client Background Client: A leading Consulting firm in the USA Industry Type: IT Products & Services: IT Consulting Organization Size: 1000+ The Problem Setting up and configuring AWS services. Designing an efficient database schema. Integrating email and calling services securely. Ensuring data privacy and compliance. Handling system scalability. Managing user authentication and authorization. Monitoring and logging system activities. Implementing backup and recovery strategies. Debugging and troubleshooting issues. Balancing cost and performance. Our Solution Utilize AWS CloudFormation or AWS CDK for infrastructure as code. Normalize the database schema to minimize redundancy. Implement OAuth or JWT for secure authentication. Encrypt data at rest and in transit. Use AWS Auto Scaling to handle increased traffic. Set up AWS CloudWatch for monitoring and AWS CloudTrail for auditing. Regularly backup data to Amazon S3. Implement comprehensive error handling and logs. Perform unit, integration, and load testing. Optimize AWS resource usage through cost analysis. Solution Architecture AWS RDS for customer and employee data storage. AWS Lambda functions for processing calls and emails. AWS SES and SNS for sending emails and notifications. Amazon S3 for storing backups and static assets. AWS Cognito for user authentication. AWS API Gateway for managing APIs. AWS CloudWatch and CloudTrail for monitoring and auditing. AWS Auto Scaling for handling variable workloads. Python codebase for application logic. Implementing security groups and VPC for network isolation. Deliverables Project Github Source Code Tech Stack Tools used Requests Boto3 Language/techniques used Python Models used None Skills used Python AWS Databases used AWS RDS Web Cloud Servers used Amazon Web Services (AWS) What are the technical Challenges Faced during Project Execution Integrating multiple AWS services. Designing a scalable database schema. Ensuring data security and compliance. Handling complex user authentication and authorization. Managing API versioning and changes. Optimizing cost and resource usage. Debugging and resolving performance issues. Maintaining high availability and reliability. Handling data synchronization between tiers. Adapting to evolving AWS services and best practices. How the Technical Challenges were Solved Extensive research and leveraging AWS documentation and support. Collaboration with experienced database architects. Thorough security audits and compliance checks. Implementing OAuth and fine-grained access control. Clear versioning and documentation for APIs. Regular cost analysis and optimization efforts. Profiling and performance tuning of critical components. Implementing redundancy and failover mechanisms. Developing data synchronization algorithms. Continuous learning and adaptation to AWS updates and community insights. Summarize Summarized: https://blackcoffer.com/ This project was done by the Blackcoffer Team, a Global IT Consulting firm. Contact Details This solution was designed and developed by Blackcoffer Team Here are my contact details: Firm Name: Blackcoffer Pvt. Ltd. Firm Website: www.blackcoffer.com Firm Address: 4/2, E-Extension, Shaym Vihar Phase 1, New Delhi 110043 Email: ajay@blackcoffer.com Skype: asbidyarthy WhatsApp: +91 9717367468 Telegram: @asbidyarthy",23.131034482758622,-11,50.0,5,-1,10,0.06176470570069204,2.679190751445087,https://insights.blackcoffer.com/efficient-aws-infrastructure-setup-and-management-addressing-security-scalability-and-compliance/,346
8.241379310344827,8.241379310344827,7.44743935309973,190,"effective management of social media data extraction: strategies for authentication, security, and reliability Client Background Client: A leading tech firm in the USA Industry Type: IT Products & Services: Consulting, Product & Services Organization Size: 100+ The Problem Handling complex authentication mechanisms for social media platforms. Efficiently extracting data from social media profiles. Preventing IP blocking and ensuring API reliability. Managing and storing extracted data securely. Abiding by social media platform policies and avoiding legal issues. Handling rate limiting and throttling. Providing comprehensive and up-to-date documentation. Dealing with changes in social media platform APIs. Optimizing API performance for rapid response. Ensuring user privacy and data protection. Our Solution Implement OAuth2 or API tokens for authentication. Utilize web scraping libraries like BeautifulSoup and Scrapy. Employ proxy rotation and request throttling. Use databases like MongoDB or AWS S3 for data storage. Regularly check and update API usage against platform policies. Implement rate limiting and queue-based processing. Maintain versioned API documentation. Monitor platform API changes and adapt accordingly. Optimize code and database queries for performance. Encrypt sensitive data and follow data protection regulations. Solution Architecture Authentication layer for social media logins. API endpoints for data extraction. Web scraping components for profile details. Throttling and rate-limiting mechanisms. Data storage and caching layers. Documentation portal for API users. Monitoring and logging infrastructure. Error handling and alerting mechanisms. Compliance checks and privacy safeguards. Load balancers and auto-scaling for API servers. Deliverables Project Github Source Code Tech Stack Tools used BeautifulSoup Requests Django rest Framework Language/techniques used Python Models used Django ORM Skills used Python WebScraping Python Django Python Django REST Framework Databases used SQLite Database Web Cloud Servers used None What are the technical Challenges Faced during Project Execution Frequent changes and updates to social media APIs. Evolving security and authentication requirements. Handling CAPTCHAs and bot detection mechanisms. Maintaining data consistency and accuracy. Adhering to rate limits and avoiding IP blocks. Scaling the infrastructure to accommodate increased usage. Dealing with diverse data formats from different platforms. Ensuring privacy and compliance with data protection laws. Balancing performance and cost-effectiveness. Handling user-specific customizations and options. How the Technical Challenges were Solved Regularly monitoring and adapting to API changes. Implementing robust authentication strategies. Using CAPTCHA solving services when necessary. Implementing data validation and cleansing routines. Employing IP rotation and rate limiting strategies. Utilizing cloud-based auto-scaling solutions. Developing data parsers for various formats. Implementing encryption and anonymization techniques. Profiling and optimizing code for performance. Providing configurable options for users to customize their data extraction. Summarize Summarized: https://blackcoffer.com/ This project was done by the Blackcoffer Team, a Global IT Consulting firm. Contact Details This solution was designed and developed by Blackcoffer Team Here are my contact details: Firm Name: Blackcoffer Pvt. Ltd. Firm Website: www.blackcoffer.com Firm Address: 4/2, E-Extension, Shaym Vihar Phase 1, New Delhi 110043 Email: ajay@blackcoffer.com Skype: asbidyarthy WhatsApp: +91 9717367468 Telegram: @asbidyarthy",23.78172692629427,-6,51.21293800539084,5,1,13,0.05277777763117284,2.7601078167115904,https://insights.blackcoffer.com/effective-management-of-social-media-data-extraction-strategies-for-authentication-security-and-reliability/,371
22.107142857142858,22.107142857142858,6.784119106699752,181,"grafana dashboard to visualize and analyze sensors’ data Client Background Client: A leading tech firm in the USA Industry Type: IT Products & Services: IT & Consulting, Software Development, DevOps Organization Size: 100+ The Problem The client requires a Grafana dashboard that can fetch data from a web API providing historical data of building automation systems. The dashboard needs to allow manual entry of a target URL for individual buildings, selection of a history name from a dropdown or search bar, selectable time range for displaying history data, and the ability to choose from various chart types for visualization. Additionally, the client wants to set up alarms for certain metrics like CPU, RAM, and hard disk usage. Each user should only be able to view their own STier API data, which is controlled by their IP. Our Solution To meet these requirements, we will set up a Grafana dashboard using the Grafana API. We will configure the dashboard to connect to the web API and fetch data based on the user’s input for the target URL, history name, and time range. For visualization, we will implement various chart types including Bar, Line, and Scatter plot charts. To set up alarms for specific metrics, we will utilize Grafana’s built-in alerting feature. Solution Architecture Deliverables A fully functional Grafana dashboard connected to the web API Ability to manually enter a target URL for individual buildings Selection of history name from a dropdown or search bar Selection of time range for displaying history data Various chart types for data visualization Setup of alarms for specific metrics Tech Stack Tools used Python Grafana Grafana API Web API for historical data of building automation systems Language/techniques used Javascript SQL Skills used Data Visualization API Integration User Interface Design Databases used Grafana Database What are the technical Challenges Faced during Project Execution Implementing user permissions for individual users Setting up alarms for specific metrics How the Technical Challenges were Solved For connecting Grafana to the web API, we used the Grafana API and configured it to fetch data from the web API based on user input. To implement user permissions, we used Grafana’s built-in user management feature and set up roles and permissions accordingly. For setting up alarms, we leveraged Grafana’s built-in alerting feature and configured it to trigger alerts based on specific conditions. Business Impact The proposed Grafana dashboard will significantly enhance the business’s ability to monitor and manage building automation systems. By providing real-time data visualization and the ability to set alarms for specific metrics, the business can quickly identify and address potential issues, ensuring optimal system performance and efficiency. Furthermore, the user-specific permissions will ensure that sensitive data remains secure and accessible only to authorized individuals. This will not only streamline operations but also boost confidence among staff members who can now make informed decisions based on accurate and timely data. The dashboard’s flexibility in terms of selectable history names and time ranges will allow for comprehensive analysis of historical data, leading to improved decision-making processes. Overall, this solution will contribute to increased operational efficiency, reduced downtime, and improved customer satisfaction by ensuring smooth operation of building automation systems. Project website url https://mailhvac.postman.co/workspace/Team-Workspace~902b44a6-966b-4e59-8400-3ae02c12ce6b/collection/17767455-eb2c775e-421d-4f7c-9ec5-b4f6a73f1a5a?action=share&creator=17767455 Summarize Summarized: https://blackcoffer.com/ This project was done by the Blackcoffer Team, a Global IT Consulting firm. Contact Details This solution was designed and developed by Blackcoffer Team Here are my contact details: Firm Name: Blackcoffer Pvt. Ltd. Firm Website: www.blackcoffer.com Firm Address: 4/2, E-Extension, Shaym Vihar Phase 1, New Delhi 110043 Email: ajay@blackcoffer.com Skype: asbidyarthy WhatsApp: +91 9717367468 Telegram: @asbidyarthy",26.80811768876285,-4,44.91315136476427,16,1,17,0.05555555540858319,2.531017369727047,https://insights.blackcoffer.com/grafana-dashboard-to-visualize-and-analyze-sensors-data/,403
12.689655172413794,12.689655172413794,6.907368421052632,207,"ai-driven data analysis ai tool using langchain for a leading real estate and financing firm worldwide Client Background Client: A leading real estate and financing firm worldwide Industry Type: Real Estate Products & Services: Infrastructure Development, Financing, Real Estate Organization Size: 10000+ The Problem Creating a user-friendly data analysis tool capable of interpreting natural language queries and providing insightful analyses from CSV data. The tool should facilitate seamless interaction, enabling users to gain valuable insights without the need for technical expertise. Key functionalities should include data exploration, trend identification, pattern recognition, and anomaly detection, all presented in a comprehensible format. The tool must also ensure efficient handling of CSV datasets while maintaining accuracy and reliability in its analyses. Our Solution Data Ingestion and Conversion: CSV data is acquired from a source (local file system, cloud storage, etc.). The data is then converted into a pandas DataFrame using the read_csv() function or similar methods provided by the pandas library. Data Cleaning: Data Cleaning operations are performed on the dataframe so that it serves as an ideal input for Pandas Agent. These may include: Column Data type conversion. Handling Duplicates Handling unnecessary columns, etc. Initialization of Langchain’s Pandas Agent: Langchain’s Pandas Agent is initialized with the necessary parameters. These parameters include: System prompt: A custom prompt provided by the user or defined in the application. Temperature: A parameter controlling the randomness of the model’s outputs. Model: The specific model or model configuration to be used by the agent. Other relevant parameters based on the requirements and capabilities of the agent. Integration with Pandas DataFrame: The DataFrame created in the previous step serves as input for the Pandas Agent. It contains the structured data which will serve as input for the Pandas Agent. Natural Language Query Interpretation: The user interacts with the system by posing queries in natural language. Langchain’s Pandas Agent interprets these queries using GPT-4 backend and converts them into executable commands or operations on the DataFrame. DataFrame Operations: The Pandas Agent executes the operations needed on the DataFrame. These operations may include: Filtering : Selecting rows or columns based on specified criteria. Aggregation : Computing summary statistics or aggregating data based on groups. Transformation : Modifying data in the DataFrame (e.g., adding or removing columns, changing data types). Joining/Merging : Combining multiple DataFrames based on common keys or indices. Sorting : Arranging rows or columns in a specified order. Other pandas DataFrame operations as required by the user queries. Delivery to End User: The processed output is delivered to the end user through the streamlit user interface. The user can review the insights provided by the system and further refine their queries if needed. Solution Architecture Deliverables Data Analysis Tool with Streamlit frontend. Tech Stack Tools used Langchain, OpenAI gpt-4 API Language/techniques used Python Models used Pandas Agent, GPT-4 Skills used Python, Streamlit, Streamlit cloud deployment, Langchain Web Cloud Servers used Streamlit cloud What are the technical Challenges Faced during Project Execution To make the tool follow the Indian standards in terms of Financial Year Quarters, currency and human readable values instead of exponential values. How the Technical Challenges were Solved The challenge was solved by decreasing the temperature of Pandas agent to 0 and make a custom system prompt to introduce maximum bias approximating the desirable answers. Business Impact The user was able get data analysis insights without expertise in python, pandas and other tools used in the process of Data Analysis in a fraction of time compared to what it would have been if the process was done manually. Project Snapshots Frontend Streamlit Interface IDE Environment Project website url URL: https://app-test-pandas-agent-vjbjfjkmxfrvhkhc455p4k.streamlit.app/ (Non-Functional due to the expiry of OpenAI API Key) Project Video Link: https://www.loom.com/share/c2099f20e9214e18a2125f5b2fde794c?sid=faa8cc4b-001c-4c51-926c-6a551dfb7c63 Important Links Video Demo: https://www.loom.com/share/c2099f20e9214e18a2125f5b2fde794c?sid=faa8cc4b-001c-4c51-926c-6a551dfb7c63 URL to test App: https://app-test-pandas-agent-vjbjfjkmxfrvhkhc455p4k.streamlit.app/ Project Success Story: https://docs.google.com/document/d/17VZukkZW6LsXVmb6IDIZWpp61sRQY_cE/edit?usp=sharing&ouid=111848530990018600604&rtpof=true&sd=true Solution Diagram: https://drive.google.com/file/d/16T56xrxBHioAIRnoA0EmHlSdMcmzEWP3/view?usp=sharing Summarize Summarized: https://blackcoffer.com/ This project was done by the Blackcoffer Team, a Global IT Consulting firm. Contact Details This solution was designed and developed by Blackcoffer Team Here are my contact details: Firm Name: Blackcoffer Pvt. Ltd. Firm Website: www.blackcoffer.com Firm Address: 4/2, E-Extension, Shaym Vihar Phase 1, New Delhi 110043 Email: ajay@blackcoffer.com Skype: asbidyarthy WhatsApp: +91 9717367468 Telegram: @asbidyarthy",22.50744101633394,-8,43.57894736842105,9,1,19,0.06026785700833068,2.528421052631579,https://insights.blackcoffer.com/ai-driven-data-analysis-ai-tool-using-langchain-for-a-leading-real-estate-and-financing-firm-worldwide/,475
9.942857142857143,9.942857142857143,7.098540145985401,118,"streamlined equity waterfall calculation and deal management system Client Background Client: A leading real estate firm in the USA Industry Type: Real Estate Products & Services: Real Estate, Construction, Financing Organization Size: 100+ The Problem Calculating equity waterfalls based on CSV data. Implementing different user roles and their permissions. Creating a user-friendly dashboard for each user type. Managing deal creation, invitations, and subscriptions. Handling user invitations and registration. Copying deals while preserving specific data. Our Solution Develop Python code to calculate equity waterfalls. Implement role-based access control for admin, sponsors, and investors. Create distinct dashboards with relevant data using ReactJS. Design intuitive UI for deal management. Develop invitation mechanisms and registration flows. Implement copying deals with proper data handling. Solution Architecture Backend built with Django for handling data, authentication, and API endpoints. Frontend developed using ReactJS for user interfaces. SQLite database for data storage. Google Cloud for application deployment. Deliverables Project Github Source Code : Tech Stack Tools used Pillow Requests GCP VM Language/techniques used Python React JS Models used Django ORM Skills used Python Python Django Python Django REST Framework Databases used SQLite3 database Web Cloud Servers used GCP What are the technical Challenges Faced during Project Execution Equity waterfall calculations based on dynamic CSV data. Managing user permissions and access control. Designing and implementing complex user registration and invitation flows. Copying deals while maintaining data integrity. Ensuring data consistency and security. How the Technical Challenges were Solved Developed Python scripts to parse CSV files and perform required calculations. Utilized Django’s built-in authentication system and implemented role-based permissions. Designed clear and user-friendly registration and invitation processes. Implemented a controlled deal copying mechanism. Conducted thorough testing and used encryption for data security. Project website url : https://stackshares.io/ Summarize Summarized: https://blackcoffer.com/ This project was done by the Blackcoffer Team, a Global IT Consulting firm. Contact Details This solution was designed and developed by Blackcoffer Team Here are my contact details: Firm Name: Blackcoffer Pvt. Ltd. Firm Website: www.blackcoffer.com Firm Address: 4/2, E-Extension, Shaym Vihar Phase 1, New Delhi 110043 Email: ajay@blackcoffer.com Skype: asbidyarthy WhatsApp: +91 9717367468 Telegram: @asbidyarthy",21.20342022940563,-4,43.06569343065693,4,1,8,0.04615384597633136,2.4817518248175183,https://insights.blackcoffer.com/streamlined-equity-waterfall-calculation-and-deal-management-system/,274
8.672413793103448,8.672413793103448,7.7686170212765955,182,"streamlined integration: interactive brokers api with python for desktop trading application Client Background Client: A leading fintech firm in the USA Industry Type: Finance Products & Services: Trading, Banking, Financing Organization Size: 100+ The Problem Integrating the Interactive Brokers API with Python. Creating a user-friendly desktop application interface. Managing concurrent processes and threads. Developing the margin calculator with accurate calculations. Handling data synchronization between TWS and the application. Ensuring security and authentication for TWS access. Providing real-time market data to users. Maintaining a responsive and reliable application. Resolving any potential compatibility issues. Ensuring thorough documentation for users Our Solution Leverage Interactive Brokers API documentation and libraries. Design an intuitive and responsive PyQT5-based desktop UI. Implement threading and preprocessing for concurrent tasks. Develop a robust margin calculator algorithm. Use data synchronization mechanisms provided by TWS. Implement secure authentication for TWS access. Utilize the Interactive Brokers API for real-time market data. Conduct extensive testing and quality assurance. Address compatibility issues through rigorous testing. Document every aspect of the project for users and developers. Solution Architecture Interactive Brokers API for live data and trading access. Python-based server using Django for APIs and data storage. PyQT5-based desktop application for trading dashboard. PostgreSQL database for storing relevant data. Threading and concurrency management for parallel processes. Margin calculator component within the desktop app. Integration with Trader Workstation (TWS). Real-time market data feeds from TWS. Responsive front-end using Bootstrap, HTML, and CSS. Detailed documentation for users and developers. Deliverables Project Github Source Code : https://github.com/AjayBidyarthy/Sunil-Misir Tech Stack Tools used Requests Threading and Multiprocessing PyQT5 Language/techniques used Python Models used Django ORM Skills used Python Python Django Python Django REST Framework PyQT5 MultiThreading and MultiProcessing Databases used POstgresql Web Cloud Servers used None What are the technical Challenges Faced during Project Execution Complex integration with the Interactive Brokers API. Designing an efficient and user-friendly desktop interface. Coordinating and managing multiple concurrent threads and processes. Accurate implementation of the margin calculator. Ensuring real-time data synchronization with TWS. Handling authentication and security for TWS access. Providing timely and reliable market data. Resolving compatibility issues on various user machines. Optimizing performance for a responsive application. Documenting every aspect comprehensively. How the Technical Challenges were Solved Extensive research and consultation of Interactive Brokers API documentation. User-centered design principles for the desktop interface. Thorough testing and debugging of multi-threading scenarios. Careful design and testing of margin calculation algorithms. Regular data synchronization checks with TWS. Implementation of secure authentication protocols. Utilization of Interactive Brokers’ data streaming features. Compatibility testing on various configurations. Profiling and optimization of code for responsiveness. Comprehensive documentation created throughout the development process. Summarize Summarized: https://blackcoffer.com/ This project was done by the Blackcoffer Team, a Global IT Consulting firm. Contact Details This solution was designed and developed by Blackcoffer Team Here are my contact details: Firm Name: Blackcoffer Pvt. Ltd. Firm Website: www.blackcoffer.com Firm Address: 4/2, E-Extension, Shaym Vihar Phase 1, New Delhi 110043 Email: ajay@blackcoffer.com Skype: asbidyarthy WhatsApp: +91 9717367468 Telegram: @asbidyarthy",22.830667644900956,-6,48.40425531914894,3,1,21,0.07458563515307835,2.8111702127659575,https://insights.blackcoffer.com/streamlined-integration-interactive-brokers-api-with-python-for-desktop-trading-application/,376
12.22439024390244,12.22439024390244,7.839760999456817,1097,"ml and ai-based insurance premium model to predict premium to be charged by the insurance company Client Background Client: A leading insurance firm worldwide Industry Type: BFSI Products & Services: Insurance Organization Size: 10000+ The Problem The insurance industry, particularly in the context of providing coverage to Public Company Directors against Insider Trading public lawsuits, faces a significant challenge in accurately determining insurance premiums. Traditional methods of premium calculation may lack precision, and there is a growing need for more sophisticated and data-driven approaches. The integration of Artificial Intelligence (AI) and Machine Learning (ML) models in predicting insurance premiums for this specialized coverage is essential to enhance accuracy, fairness, and responsiveness in adapting to evolving risk factors. The problem at hand involves developing robust AI and ML models that can effectively analyze a multitude of dynamic variables influencing the risk profile of Public Company Directors. These variables include market conditions, regulatory changes, historical legal precedents, financial performance of the insured company, and individual directorial behaviors. The goal is to create a predictive model that not only accurately assesses the risk associated with potential insider trading public lawsuits but also adapts in real-time to new information, ensuring that the insurance premiums charged by the global insurance firm are reflective of the current risk landscape. Key Challenges: Data Complexity: The relevant data for predicting insurance premiums in this context is multifaceted, involving financial data, legal precedents, market trends, and individual directorial histories. Integrating and interpreting this diverse set of data poses a significant challenge. Dynamic Risk Factors: The risk factors influencing insider trading public lawsuits are dynamic and subject to rapid changes. The models must be capable of adapting to evolving market conditions, legal landscapes, and individual company dynamics. Fairness and Ethics: Ensuring fairness in premium calculation is critical. The models should be designed to avoid biases and discriminatory practices, considering the diverse backgrounds and contexts of Public Company Directors. Regulatory Compliance: The insurance industry is subject to regulatory frameworks that vary across jurisdictions. The developed models need to comply with these regulations while providing accurate and reliable predictions. Interpretability: Transparency in model predictions is crucial, especially in an industry where decisions can have significant financial implications. Ensuring that the AI and ML models are interpretable and explainable is vital for gaining the trust of stakeholders. Addressing these challenges will not only improve the accuracy of insurance premium predictions but also contribute to the overall efficiency and effectiveness of the insurance services provided to Public Company Directors by the leading global insurance firm. Blackcoffer Solution To develop an ML and AI-based insurance premium prediction model for Public Company Directors in the USA, safeguarding them against insider trading public lawsuits, we propose a comprehensive solution leveraging advanced machine learning techniques. The goal is to create a model that accurately assesses the risk associated with individual directors and adapts to dynamic market conditions. Data Collection and Preprocessing: Financial Data: Gather financial data related to the insured companies, including revenue, profit margins, and financial stability indicators. Incorporate stock market data and trading patterns to capture potential insider trading signals. Legal History: Collect historical legal cases related to insider trading lawsuits, with a focus on outcomes and financial implications. Integrate legal precedents to understand patterns and potential future risks. Directorial Profiles: Compile individual profiles for each Public Company Director, including their professional history, prior legal involvements, and any relevant affiliations. Market Trends and Regulatory Changes: Monitor market trends and regulatory changes affecting the insurance landscape. Incorporate external data sources for real-time updates on legal and market conditions. Feature Engineering: Risk Factors: Identify key risk factors contributing to the likelihood of insider trading allegations. Develop features that encapsulate financial stability, market conditions, and individual directorial behaviors. Sentiment Analysis: Implement sentiment analysis on news articles and social media to gauge public perception and potential legal scrutiny. Machine Learning Models: Supervised Learning: Employ supervised learning algorithms such as Random Forests, Gradient Boosting, or ensemble models. Train the model on historical data with labeled outcomes related to insider trading lawsuits. Anomaly Detection: Implement anomaly detection techniques to identify unusual patterns that may indicate potential insider trading activities. Dynamic Risk Assessment: Real-Time Updates: Design the model to continuously update with real-time data to adapt to evolving risk factors. Implement a feedback loop to capture the impact of recent legal cases and market events. Scenario Analysis: Develop scenario analysis capabilities to assess the impact of hypothetical events on premium calculations. Fairness and Transparency: Fairness Metrics: Integrate fairness metrics to ensure unbiased predictions across diverse directorial profiles. Regularly audit and refine the model to address any identified biases. Explainability: Implement model explainability tools to provide clear insights into premium calculations. Ensure transparency in how the model arrives at its predictions. Model Integration and Deployment: User-Friendly Interface: Develop a user-friendly interface for underwriters to interact with the model. Ensure seamless integration into the existing insurance company workflow. API Integration: Provide API endpoints for easy integration with existing insurance systems. Monitoring and Maintenance: Model Monitoring: Implement continuous monitoring to detect model drift and performance degradation. Regularly update the model with new data and retrain it to maintain accuracy. Scalability: Design the solution to scale horizontally to accommodate an increasing volume of data. By adopting this ML and AI-based approach, the insurance company can enhance its ability to predict insurance premiums accurately, adapt to changing risk landscapes, and provide tailored coverage for Public Company Directors against insider trading public lawsuits in the dynamic environment of the USA. Solution Architecture Diagram Data Collection and Integration: Data Sources: Financial records, legal databases, directorial profiles, market data. Integration Layer: ETL processes, SQL/NoSQL databases. Feature Engineering: Feature Selection and Engineering Module. Machine Learning Models: Model Training Module: Scikit-Learn, TensorFlow, or PyTorch. Model Evaluation Component. Dynamic Risk Assessment: Real-Time Data Integration Component: Apache Kafka. Scenario Analysis Module. Fairness and Transparency: Fairness Metrics Integration. Explainability Module: SHAP or Lime. Model Integration and Deployment: API Layer: RESTful API. User Interface (UI). Documentation for Integration. Monitoring and Maintenance: Monitoring Dashboard: Prometheus, Grafana. Automated Model Update Pipeline: CI/CD. General Documentation: Model Architecture Document. Technical User Manual. Compliance Documentation: Regulatory Compliance Report. Data Privacy and Security Documentation. Post-Implementation Support: Support and Maintenance Plan. Training and Knowledge Transfer: Training Sessions. Knowledge Transfer Documentation. Scalability and Future-Proofing: Scalable Infrastructure. Flexibility for Future Enhancements. Tools & Technology Used By Blackcoffer Building an ML and AI-based insurance premium prediction model involves the use of various tools and technologies across different stages of development. Here’s a list of tools and technologies that can be employed for creating such a model for a leading insurance firm in the USA, specifically targeting Public Company Directors against insider trading public lawsuits: Data Collection and Preprocessing: Python: A versatile programming language commonly used for data manipulation and preprocessing. Pandas: A Python library for data manipulation and analysis, useful for handling structured data. NumPy: A library for numerical operations in Python, often used for efficient array operations. SQL/NoSQL Databases: To store and retrieve structured and unstructured data efficiently. Feature Engineering: Scikit-Learn: A machine learning library in Python that includes tools for feature extraction and preprocessing. NLTK (Natural Language Toolkit): For processing and analyzing textual data, particularly for sentiment analysis. Machine Learning Models: Scikit-Learn: Provides various machine learning algorithms for classification tasks, including Random Forests and Gradient Boosting. XGBoost or LightGBM: Powerful gradient boosting frameworks for improved predictive performance. TensorFlow or PyTorch: Deep learning frameworks for building and training neural networks if the complexity of the model demands it. Dynamic Risk Assessment: Apache Kafka or RabbitMQ: Message brokers to facilitate real-time data streaming and updates. Airflow: A platform to programmatically author, schedule, and monitor workflows, useful for scheduling model updates. Fairness and Transparency: Aequitas or Fairness Indicators: Libraries for assessing and mitigating bias in machine learning models. SHAP (SHapley Additive exPlanations): An algorithm for model interpretability. Model Integration and Deployment: Flask or Django: Web frameworks for building the model deployment API. Docker: Containerization tool for packaging the model and its dependencies. Kubernetes: Container orchestration for deploying and managing containerized applications at scale. RESTful API: For communication between the model and other components in the insurance company’s infrastructure. Monitoring and Maintenance: Prometheus: An open-source monitoring and alerting toolkit. Grafana: A platform for monitoring and observability with beautiful, customizable dashboards. Jenkins or GitLab CI/CD: Continuous integration and continuous deployment tools for automating model updates and deployment. MLflow: An open-source platform to manage the end-to-end machine learning lifecycle. General Development Environment: Jupyter Notebooks: Interactive computing environment for exploratory data analysis and model development. Git: Version control system for collaborative development. VS Code or PyCharm: Integrated development environments (IDEs) for coding and debugging. It’s important to note that the choice of specific tools may vary based on the preferences of the data science team, the complexity of the model, and the existing technology stack of the insurance company. Additionally, compliance with regulatory requirements and industry standards should be considered in the selection of tools and technologies. Blackcoffer Deliverables The deliverables for an ML and AI-based insurance premium model for Public Company Directors in the USA, aiming to predict premiums for protection against insider trading public lawsuits, would encompass various stages of the development and deployment process. Here is a comprehensive list of deliverables: 1. Project Documentation: 1.1 Project Proposal: Clearly outlines the objectives, scope, and methodology of the premium prediction model. 1.2 Requirements Document: Specifies the functional and non-functional requirements of the model, considering the insurance company’s needs and regulatory compliance. 2. Data Collection and Preprocessing: 2.1 Data Collection Report: Details the sources and types of data gathered, including financial records, legal cases, and directorial profiles. 2.2 Cleaned and Preprocessed Dataset: A structured dataset ready for model training, containing relevant features and properly handled missing or inconsistent data. 3. Feature Engineering: 3.1 Feature Selection and Engineering Report: Documents the process of selecting and creating features, highlighting their relevance to the prediction task. 4. Machine Learning Models: 4.1 Trained ML Models: Includes the serialized models trained on historical data, such as Random Forests, Gradient Boosting, or other chosen algorithms. 4.2 Model Evaluation Report: Evaluates the performance of the models on validation and test datasets, including metrics like accuracy, precision, recall, and F1-score. 5. Dynamic Risk Assessment: 5.1 Real-Time Integration Component: Code or module that integrates real-time data for dynamic risk assessment. 5.2 Scenario Analysis Module: Component allowing the assessment of premium changes based on hypothetical scenarios. 6. Fairness and Transparency: 6.1 Fairness Assessment Report: Evaluates and mitigates bias, documenting fairness metrics and any adjustments made. 6.2 Explainability Module: Implementation of tools or methodologies for model interpretability and explanation. 7. Model Integration and Deployment: 7.1 Deployed API: RESTful API endpoint for seamless integration into the insurance company’s systems. 7.2 User Interface (UI): User-friendly interface for underwriters to interact with the model, providing insights and entering necessary information. 7.3 Documentation for Integration: Comprehensive guide on integrating the model into the existing workflow, including API documentation. 8. Monitoring and Maintenance: 8.1 Monitoring Dashboard: Visual representation of key metrics and alerts for model performance, developed using tools like Grafana. 8.2 Automated Model Update Pipeline: CI/CD pipeline or automated process for updating and retraining the model with new data. 9. General Documentation: 9.1 Model Architecture Document: Detailed explanation of the model’s architecture, including components and their interactions. 9.2 Technical User Manual: Documentation guiding technical users on deploying, maintaining, and troubleshooting the model. 10. Training and Knowledge Transfer: 10.1 Training Sessions: Conducted for the insurance company’s staff, including underwriters and IT personnel, to ensure effective use and understanding of the model. 10.2 Knowledge Transfer Documentation: Detailed documentation covering model usage, maintenance procedures, and troubleshooting tips. 11. Compliance Documentation: 11.1 Regulatory Compliance Report: Ensures that the model adheres to relevant insurance regulations in the USA. 11.2 Data Privacy and Security Documentation: Outlines measures taken to ensure the privacy and security of sensitive data. 12. Post-Implementation Support: 12.1 Support and Maintenance Plan: Document outlining the support and maintenance plan for the model post-implementation, including response times and escalation procedures. By delivering these items, the insurance firm can ensure a thorough and transparent development process, facilitating successful integration and utilization of the ML and AI-based insurance premium prediction model. Business Impacts The implementation of an ML and AI-based insurance premium model for Public Company Directors in the USA, specifically tailored to protect them from insider trading public lawsuits, can have significant business impacts for the leading insurance firm. Here are several potential business impacts: 1. Improved Accuracy and Risk Assessment: Impact: Enhanced accuracy in predicting premiums based on advanced data analysis and machine learning algorithms. Benefit: Better risk assessment leads to more precise premium calculations, reducing the likelihood of underpricing or overpricing policies. 2. Increased Competitiveness: Impact: Utilizing cutting-edge technology to provide more accurate and dynamic premium predictions. Benefit: Positions the insurance firm as a leader in the market, attracting more clients seeking innovative and reliable insurance solutions. 3. Tailored Coverage and Pricing: Impact: Customizing coverage and premiums based on individual directorial profiles and evolving risk factors. Benefit: Attracts clients with diverse risk profiles, offering tailored solutions that align with their specific needs. 4. Faster Decision-Making: Impact: Automation of premium calculations and decision-making processes. Benefit: Speeds up underwriting processes, enabling quicker responses to client inquiries and facilitating faster policy issuance. 5. Reduced Operational Costs: Impact: Automation of routine tasks related to premium calculation and risk assessment. Benefit: Decreases manual workload, leading to operational efficiency and cost savings. 6. Real-Time Adaptation to Market Changes: Impact: Integration of real-time data for dynamic risk assessment. Benefit: Enables the insurance firm to adapt quickly to changes in market conditions, ensuring that premiums remain reflective of current risk landscapes. 7. Enhanced Customer Satisfaction: Impact: Accurate pricing, fair premium calculations, and transparent communication. Benefit: Increases customer satisfaction by providing a reliable and customer-centric insurance experience. 8. Mitigation of Regulatory Risks: Impact: Implementation of a solution that complies with insurance regulations and industry standards. Benefit: Reduces the risk of regulatory non-compliance, protecting the firm from legal and financial repercussions. 9. Data-Driven Decision-Making: Impact: Utilizing data-driven insights for decision-making processes. Benefit: Empowers the firm’s leadership with actionable insights, contributing to strategic decision-making and business planning. 10. Brand Reputation and Trust: Impact: Adoption of fairness-aware and transparent AI models. Benefit: Builds trust among clients and stakeholders by demonstrating a commitment to fairness, transparency, and ethical AI practices. 11. Risk Mitigation for Clients: Impact: Providing insurance coverage that reflects the evolving nature of insider trading public lawsuits. Benefit: Assists Public Company Directors in mitigating financial risks associated with legal actions, enhancing the value proposition for clients. 12. Scalability and Future-Proofing: Impact: Designing the solution to scale and adapt to future industry developments. Benefit: Ensures the longevity and relevance of the insurance firm’s technology infrastructure in the face of evolving business and technological landscapes. 13. Revenue Growth: Impact: Attracting a larger customer base and retaining existing clients through innovative and accurate insurance solutions. Benefit: Contributes to revenue growth by expanding the firm’s market share and increasing customer loyalty. By recognizing and leveraging these business impacts, the leading insurance firm can derive significant value from the implementation of an ML and AI-based insurance premium model tailored for Public Company Directors in the USA. Summarize Summarized: https://blackcoffer.com/ This project was done by Blackcoffer Team, a Global IT Consulting firm. Contact Details This solution was designed and developed by Blackcoffer Team Here are my contact details: Firm Name: Blackcoffer Pvt. Ltd. Firm Website: www.blackcoffer.com Firm Address: 4/2, E-Extension, Shaym Vihar Phase 1, New Delhi 110043 Email: ajay@blackcoffer.com Skype: asbidyarthy WhatsApp: +91 9717367468 Telegram: @asbidyarthy",28.724628449543594,-45,59.58718087995655,16,1,141,0.1024229074325865,2.9261271048343294,https://insights.blackcoffer.com/ml-and-ai-based-insurance-premium-model-to-predict-premium-to-be-charged-by-the-insurance-company/,1841
19.452380952380953,19.452380952380953,7.088291746641075,257,"data engineering and management tool (airbyte) with custom data connectors to manage crm database Client Background Client: A leading tech firm in Europe Industry Type: IT Products & Services: IT & Consulting, Software Development Organization Size: 1000+ The Problem Our company requires a robust, scalable, and secure data integration solution that can handle thousands of connections. We need to develop Airbyte connectors for various software applications listed in 2-nx-integration, including Join Portal, ClickUp, Coach Accountable, Hubspot, Quickbooks, Quickbooks Time, and Sales Flow. These connectors should be developed in Python and then wrapped into Docker images. The code should be housed in GitHub and automatically applied to Airbyte for execution using a CI/CD pipeline from GitHub to Airbyte. We also need a full production-ready version of Airbyte hosted on Google Cloud Platform (GCP) Kubernetes, secured via Google Sign In. Moreover, we want to add custom features to Airbyte to control BigQuery projects/datasets. Both Airbyte and BigQuery should be monitored via Sentry, which will also be housed/hosted in the same project for all error reporting/monitoring. We also need to develop transformations to clean and transform the data from the software source to the client’s GCP Project for BigQuery. The code for these transformations should be stored in GitHub. Our Solution We propose to develop an instance of Airbyte that is production-ready on GCP over Kubernetes. This will be secured using Google Sign On linked to our organization. We will deploy Airbyte using the official documentation 8. To secure the Kubernetes setup, we plan to use Traefik’s ForwardAuth feature. Next, we will code Airbyte Python integrations for our needed software list. We have already gathered the API documentation for each software application and have started coding the integrations. Once the initial integration is complete, we will document the process in ClickUp to guide future integrations. We will use GitHub to host both the source code and Docker images of Airbyte integrations. We will also use Google Cloud’s Sentry for error reporting and monitoring. Solution Architecture Deliverables Production-ready Airbyte instance on GCP Kubernetes Secured Airbyte instance using Google Sign On Developed Airbyte Python integrations for required software Error reporting and monitoring setup with Sentry Documentation of integration process in ClickUp Tech Stack Tools used Airbyte Docker GitHub Google Cloud Platform Google Sign In Traefik Sentry Language/techniques used Python Models used Airbyte ETL Skills used Web Scraping Database Management API Connectors Databases used Google BigQuery What are the technical Challenges Faced during Project Execution One of the main challenges we anticipate is managing the scalability of the system to handle thousands of connections. Another challenge could be securing the system effectively while ensuring smooth operation. How the Technical Challenges were Solved To address the scalability issue, we will leverage the inherent scalability of Kubernetes and BigQuery. Kubernetes allows us to easily scale our services based on demand, while BigQuery is designed to handle large datasets and high query loads. To ensure effective security, we will use Google Sign In for user authentication, and we will follow best practices for securing our Docker containers and GCP environment. Regular audits and penetration testing will also be conducted to identify and rectify any potential security vulnerabilities. Business Impact By developing a robust and scalable data integration solution using Airbyte, we aim to significantly enhance our business operations. This solution will enable us to efficiently manage and analyze data from various software applications, leading to improved decision-making processes. Firstly, the ability to extract and load data from different software applications will allow us to centralize our data management, reducing the complexity of handling multiple data sources. This will streamline our data analysis processes and provide a unified view of our business data. Secondly, the scalability of our solution means that it can handle a growing volume of data as our business grows. This is crucial in today’s digital age where businesses generate vast amounts of data daily. Lastly, by securing our data integration solution with Google Sign In, we can ensure that only authorized individuals can access our sensitive business data. This adds an extra layer of security to our data management practices and helps protect against potential data breaches. Moreover, by using Google Cloud Platform (GCP) for hosting our solution, we can take advantage of its advanced features and robust infrastructure. This will further enhance the reliability and performance of our data integration solution. Overall, implementing this solution will enable us to harness the power of data to drive our business growth and success Project Snapshots Summarize Summarized: https://blackcoffer.com/ This project was done by the Blackcoffer Team, a Global IT Consulting firm. Contact Details This solution was designed and developed by Blackcoffer Team Here are my contact details: Firm Name: Blackcoffer Pvt. Ltd. Firm Website: www.blackcoffer.com Firm Address: 4/2, E-Extension, Shaym Vihar Phase 1, New Delhi 110043 Email: ajay@blackcoffer.com Skype: asbidyarthy WhatsApp: +91 9717367468 Telegram: @asbidyarthy",27.51223836943607,-9,49.32821497120921,43,1,23,0.06751054838077944,2.63531669865643,https://insights.blackcoffer.com/data-engineering-and-management-tool-airbyte-with-custom-data-connectors-to-manage-crm-database/,521
18.842105263157894,18.842105263157894,7.58252427184466,265,"efficient database design and management: streamlining access and integration for partner entity management Client Background Client: A leading IT firm in the Europe Industry Type: IT Products & Services: IT Services, Consulting and Automation Organization Size: 100+ The Problem Database designing which enables access to each related/important table data via other db table The project required the development of a user-friendly web application for managing partner entities with diverse attributes. Ensuring data accuracy, security, scalability, and compliance with regulations while integrating seamlessly with a Data Warehouse posed significant technical challenges. Our Solution Our solution successfully addressed the technical challenges by leveraging Django’s capabilities and implementing custom solutions where needed. It provided a robust and scalable web application for partner entity management while ensuring data accuracy, security, and compliance. The dynamic attribute management system and integration with the Database facilitated efficient data handling and reporting, supporting data-driven decision-making. We have designed and implemented database related changes and UI related changes that Client have suggested according to which a separate db table which contains all data which will be created , updated and deleted as other table rows created, updated and deleted Solution Architecture Django ORM for abstracting database complexities. Scalability through cloud resources and optimization techniques. Security measures, including encryption and access controls for Admin Users. Performance optimization strategies such as removing redundancy in db tables. We have provided many database design solutions as well as User Interface solution regarding which client have given positive response. We have successfully developed and implemented design and changes related to project after multiple discussion with client regarding database architecture design as well as database model and their related UI panel with authentication Deliverables Python Django Source Code (Github Repository) Tech Stack Tools used Python Django web Framework Language/techniques used Python Models used Django Database Model and Django ORM Skills used Python Django Databases used Postgresql Web Cloud Servers used Not Used from Side What are the technical Challenges Faced during Project Execution Database Complexity : Designing a comprehensive database schema to represent multiple partner entities with varying attributes posed a challenge. Each entity had unique characteristics and relationships. Scalability : Ensuring the application’s scalability to handle a potentially large volume of partner data while maintaining performance was a significant concern. Dynamic Attributes : Allowing users to dynamically manage entity attributes presented difficulties in database design and user interface implementation. Data Validation : Implementing robust data validation rules to maintain data accuracy and consistency across various partner entities was complex due to the diversity of data. Integration with Remote Database : Establishing seamless data export capabilities to feed the Database while maintaining data compatibility was a technical hurdle. Security : Ensuring data security and compliance with relevant regulations, including encryption and access control, required careful consideration and implementation. Performance Optimization : Optimizing the application’s performance, especially when dealing with complex queries and large datasets, was a continual challenge. How the Technical Challenges were Solved Database Abstraction : Utilizing Django’s ORM (Object-Relational Mapping) allowed for an abstract representation of entities and their attributes, simplifying database management. Scalability Planning : Employing efficient indexing and caching mechanisms to accommodate scalability and performance needs. Additionally, using cloud resources for scalability. User Management : Implementing a flexible User management system that allowed users to Create , Read , Update and Delete other Users and their related permissions. Data Validation Middleware : Developing custom middleware to enforce data validation rules and ensure data accuracy before database interactions. Integration Layer : Creating a dedicated integration layer that transformed and exported data from the database to the User Interface, adhering to data compatibility standards. Security Best Practices : Adhering to best practices for securing data, including User Authentication, Changes in Django template to Remove Other Important Database in db options and Permission Required for other User to use database table on UI panel from Admin User. Performance Tuning : Conducting performance tuning by optimizing database model and related admin file for better fetching of db table data on UI panel. Project website url http://34.18.45.30:8000/api/admin/login/?next=/api/admin/ Summarize Summarized: https://blackcoffer.com/ This project was done by the Blackcoffer Team, a Global IT Consulting firm. Contact Details This solution was designed and developed by Blackcoffer Team Here are my contact details: Firm Name: Blackcoffer Pvt. Ltd. Firm Website: www.blackcoffer.com Firm Address: 4/2, E-Extension, Shaym Vihar Phase 1, New Delhi 110043 Email: ajay@blackcoffer.com Skype: asbidyarthy WhatsApp: +91 9717367468 Telegram: @asbidyarthy",28.119366377107816,-9,51.45631067961165,14,1,26,0.07014028042056056,2.7844660194174757,https://insights.blackcoffer.com/efficient-database-design-and-management-streamlining-access-and-integration-for-partner-entity-management/,515
